formato,concepto,descripcion,verificado,fuente
1001,5055,Viáticos efectivamente pagados que no constituyen ingreso para el trabajador,SI,Res. 227/2025 art. 1.3.5.2.1 (mod. Res. 233/2025)
1001,5056,Gastos de representación que no constituyen ingreso para el trabajador,SI,Res. 227/2025 art. 1.3.5.2.1 (mod. Res. 233/2025)
1001,5002,Honorarios (sin rentas de trabajo),SI,Res. 227/2025 art. 1.3.5.2.1 (mod. Res. 233/2025)
1001,5003,Comisiones (sin rentas de trabajo),SI,Res. 227/2025 art. 1.3.5.2.1 (mod. Res. 233/2025)
1001,5004,Servicios (sin rentas de trabajo),SI,Res. 227/2025 art. 1.3.5.2.1 (mod. Res. 233/2025)
1001,5005,Arrendamientos,SI,Res. 227/2025 art. 1.3.5.2.1 (mod. Res. 233/2025)
1001,5006,Intereses y rendimientos financieros causados,SI,Res. 227/2025 art. 1.3.5.2.1 (mod. Res. 233/2025)
1001,5063,Intereses y rendimientos financieros efectivamente pagados,SI,Res. 227/2025 art. 1.3.5.2.1 (mod. Res. 233/2025)
1001,5007,"Compra de activos movibles (inventarios, E.T. art. 60)",SI,Res. 227/2025 art. 1.3.5.2.1 (mod. Res. 233/2025)
1001,5008,Compra de activos fijos (E.T. art. 60),SI,Res. 227/2025 art. 1.3.5.2.1 (mod. Res. 233/2025)
1001,5010,"Aportes parafiscales SENA, cajas de compensación e ICBF",SI,Res. 227/2025 art. 1.3.5.2.1 (mod. Res. 233/2025)
1001,5011,"EPS y riesgos laborales, incluidos aportes del trabajador",SI,Res. 227/2025 art. 1.3.5.2.1 (mod. Res. 233/2025)
1001,5012,"Aportes obligatorios a fondos de pensiones, incluidos aportes del trabajador",SI,Res. 227/2025 art. 1.3.5.2.1 (mod. Res. 233/2025)
1001,5013,Donaciones en dinero,SI,Res. 227/2025 art. 1.3.5.2.1 (mod. Res. 233/2025)
1001,5014,Donaciones en activos diferentes a dinero,SI,Res. 227/2025 art. 1.3.5.2.1 (mod. Res. 233/2025)
1001,5015,"Impuestos solicitados como deducción; GMF con NIT del agente retenedor: parte deducible y parte no deducible (par. 16)",SI,Res. 227/2025 art. 1.3.5.2.1 (mod. Res. 233/2025)
1001,5066,Impuesto nacional al consumo,SI,Res. 227/2025 art. 1.3.5.2.1 (mod. Res. 233/2025)
1001,5058,"Aportes, tasas y contribuciones solicitados como deducción",SI,Res. 227/2025 art. 1.3.5.2.1 (mod. Res. 233/2025)
1001,5060,Redención de inversiones (títulos de capitalización),SI,Res. 227/2025 art. 1.3.5.2.1 (mod. Res. 233/2025)
1001,5016,Demás costos y deducciones,SI,Res. 227/2025 art. 1.3.5.2.1 (mod. Res. 233/2025)
1001,5020,Compra de activos fijos reales productivos (E.T. art. 158-3),SI,Res. 227/2025 art. 1.3.5.2.1 (mod. Res. 233/2025)
1001,5027,Pagos al exterior por servicios técnicos,SI,Res. 227/2025 art. 1.3.5.2.1 (mod. Res. 233/2025)
1001,5023,Pagos al exterior por asistencia técnica,SI,Res. 227/2025 art. 1.3.5.2.1 (mod. Res. 233/2025)
1001,5067,Pagos al exterior por consultoría,SI,Res. 227/2025 art. 1.3.5.2.1 (mod. Res. 233/2025)
1001,5024,Pagos al exterior por marcas,SI,Res. 227/2025 art. 1.3.5.2.1 (mod. Res. 233/2025)
1001,5025,Pagos al exterior por patentes,SI,Res. 227/2025 art. 1.3.5.2.1 (mod. Res. 233/2025)
1001,5026,Pagos al exterior por regalías,SI,Res. 227/2025 art. 1.3.5.2.1 (mod. Res. 233/2025)
1001,5080,Proveedores del exterior: servicios audiovisuales digitales,SI,Res. 227/2025 art. 1.3.5.2.1 (mod. Res. 233/2025)
1001,5081,Proveedores del exterior: plataformas digitales,SI,Res. 227/2025 art. 1.3.5.2.1 (mod. Res. 233/2025)
1001,5082,Proveedores del exterior: publicidad online,SI,Res. 227/2025 art. 1.3.5.2.1 (mod. Res. 233/2025)
1001,5083,Proveedores del exterior: enseñanza a distancia,SI,Res. 227/2025 art. 1.3.5.2.1 (mod. Res. 233/2025)
1001,5084,Proveedores del exterior: derechos de uso de intangibles,SI,Res. 227/2025 art. 1.3.5.2.1 (mod. Res. 233/2025)
1001,5085,Proveedores del exterior: otros servicios electrónicos o digitales,SI,Res. 227/2025 art. 1.3.5.2.1 (mod. Res. 233/2025)
1001,5028,Devolución de pagos o abonos y retenciones de años anteriores,SI,Res. 227/2025 art. 1.3.5.2.1 (mod. Res. 233/2025)
1001,5029,Gastos pagados por anticipado por compras,SI,Res. 227/2025 art. 1.3.5.2.1 (mod. Res. 233/2025)
1001,5030,Gastos pagados por anticipado por honorarios,SI,Res. 227/2025 art. 1.3.5.2.1 (mod. Res. 233/2025)
1001,5031,Gastos pagados por anticipado por comisiones,SI,Res. 227/2025 art. 1.3.5.2.1 (mod. Res. 233/2025)
1001,5032,Gastos pagados por anticipado por servicios,SI,Res. 227/2025 art. 1.3.5.2.1 (mod. Res. 233/2025)
1001,5033,Gastos pagados por anticipado por arrendamientos,SI,Res. 227/2025 art. 1.3.5.2.1 (mod. Res. 233/2025)
1001,5034,Gastos pagados por anticipado por intereses,SI,Res. 227/2025 art. 1.3.5.2.1 (mod. Res. 233/2025)
1001,5035,Gastos pagados por anticipado por otros conceptos,SI,Res. 227/2025 art. 1.3.5.2.1 (mod. Res. 233/2025)
1001,5019,Amortizaciones realizadas,SI,Res. 227/2025 art. 1.3.5.2.1 (mod. Res. 233/2025)
1001,5044,"Pago por loterías, rifas, apuestas y similares",SI,Res. 227/2025 art. 1.3.5.2.1 (mod. Res. 233/2025)
1001,5046,Enajenación de activos fijos de personas naturales ante tránsito,SI,Res. 227/2025 art. 1.3.5.2.1 (mod. Res. 233/2025)
1001,5045,Retención sobre ingresos de tarjetas débito y crédito,SI,Res. 227/2025 art. 1.3.5.2.1 (mod. Res. 233/2025)
1001,5059,Fondo para revalorización de aportes (cooperados),SI,Res. 227/2025 art. 1.3.5.2.1 (mod. Res. 233/2025)
1001,5068,"Dividendos exigibles 2016 y anteriores, par. 2 art. 49 E.T.",SI,Res. 227/2025 art. 1.3.5.2.1 (mod. Res. 233/2025)
1001,5069,"Dividendos exigibles 2016 y anteriores, num. 3 art. 49 E.T.",SI,Res. 227/2025 art. 1.3.5.2.1 (mod. Res. 233/2025)
1001,5070,"Dividendos exigibles 2017 y siguientes, par. 2 art. 49 E.T.",SI,Res. 227/2025 art. 1.3.5.2.1 (mod. Res. 233/2025)
1001,5071,"Dividendos exigibles 2017 y siguientes, num. 3 art. 49 E.T.",SI,Res. 227/2025 art. 1.3.5.2.1 (mod. Res. 233/2025)
1001,5100,Prima en colocación de acciones y otros conceptos patrimoniales,SI,Res. 227/2025 art. 1.3.5.2.1 (mod. Res. 233/2025)
1001,5086,Retención trasladada por dividendos recibidos (art. 242-1),SI,Res. 227/2025 art. 1.3.5.2.1 (mod. Res. 233/2025)
1001,5073,Desembolsos por depósitos judiciales,SI,Res. 227/2025 art. 1.3.5.2.1 (mod. Res. 233/2025)
1001,5074,Reintegros de depósitos judiciales,SI,Res. 227/2025 art. 1.3.5.2.1 (mod. Res. 233/2025)
1001,5075,Regalías y explotación de propiedad intelectual,SI,Res. 227/2025 art. 1.3.5.2.1 (mod. Res. 233/2025)
1001,5079,Intereses a vinculados en subcapitalización (art. 118-1),SI,Res. 227/2025 art. 1.3.5.2.1 (mod. Res. 233/2025)
1001,5087,Puntos premio redimidos que afectan el gasto,SI,Res. 227/2025 art. 1.3.5.2.1 (mod. Res. 233/2025)
1001,5088,Costos o gastos por diferencia en cambio (NIT del informante),SI,Res. 227/2025 art. 1.3.5.2.1 (mod. Res. 233/2025)
1001,5089,Compra de acciones que no cotizan en bolsa,SI,Res. 227/2025 art. 1.3.5.2.1 (mod. Res. 233/2025)
1001,5090,Donación de acciones que no cotizan en bolsa,SI,Res. 227/2025 art. 1.3.5.2.1 (mod. Res. 233/2025)
1001,5091,Cesión de acciones que no cotizan en bolsa,SI,Res. 227/2025 art. 1.3.5.2.1 (mod. Res. 233/2025)
1001,5092,Pago que constituye ingreso en especie (art. 29-1),SI,Res. 227/2025 art. 1.3.5.2.1 (mod. Res. 233/2025)
1001,5101,GMF de fondos de pensiones obligatorias (bloque propio de esos fondos; confirmar alcance en el anexo),NO,Res. 227/2025 art. 1.3.5.2.1 (mod. Res. 233/2025)
1001,5103,Pagos a través de contratos de colaboración como partícipe (NIT del gestor),SI,Res. 227/2025 art. 1.3.5.2.1 (mod. Res. 233/2025)
1001,5053,Retenciones practicadas a título de timbre,SI,Res. 227/2025 art. 1.3.5.2.1 (mod. Res. 233/2025)
1001,5054,Devolución de retenciones de timbre de años anteriores,SI,Res. 227/2025 art. 1.3.5.2.1 (mod. Res. 233/2025)
1003,1301,"Retención por salarios, prestaciones y demás pagos laborales",SI,Res. 227/2025 art. 1.3.5.3.1 (mod. Res. 233/2025)
1003,1302,Retención por ventas,SI,Res. 227/2025 art. 1.3.5.3.1 (mod. Res. 233/2025)
1003,1303,Retención por servicios,SI,Res. 227/2025 art. 1.3.5.3.1 (mod. Res. 233/2025)
1003,1304,Retención por honorarios,SI,Res. 227/2025 art. 1.3.5.3.1 (mod. Res. 233/2025)
1003,1305,Retención por comisiones,SI,Res. 227/2025 art. 1.3.5.3.1 (mod. Res. 233/2025)
1003,1306,Retención por intereses y rendimientos financieros,SI,Res. 227/2025 art. 1.3.5.3.1 (mod. Res. 233/2025)
1003,1307,Retención por arrendamientos,SI,Res. 227/2025 art. 1.3.5.3.1 (mod. Res. 233/2025)
1003,1308,Retención por otros conceptos,SI,Res. 227/2025 art. 1.3.5.3.1 (mod. Res. 233/2025)
1003,1309,Retención en la fuente de IVA (la base es el valor del IVA),SI,Res. 227/2025 art. 1.3.5.3.1 (mod. Res. 233/2025)
1003,1310,Retención por dividendos y participaciones,SI,Res. 227/2025 art. 1.3.5.3.1 (mod. Res. 233/2025)
1003,1311,Retención por enajenación de activos fijos de personas naturales,SI,Res. 227/2025 art. 1.3.5.3.1 (mod. Res. 233/2025)
1003,1312,Retención por ingresos de tarjetas débito y crédito,SI,Res. 227/2025 art. 1.3.5.3.1 (mod. Res. 233/2025)
1003,1313,"Retención por loterías, rifas y apuestas",SI,Res. 227/2025 art. 1.3.5.3.1 (mod. Res. 233/2025)
1003,1314,Retención por impuesto de timbre,SI,Res. 227/2025 art. 1.3.5.3.1 (mod. Res. 233/2025)
1003,1320,Retención por dividendos recibidos por sociedades nacionales (art. 242-1),SI,Res. 227/2025 art. 1.3.5.3.1 (mod. Res. 233/2025)
1007,4001,Ingresos brutos de actividades ordinarias,SI,Res. 227/2025 art. 1.3.5.4.1
1007,4002,Otros ingresos brutos,SI,Res. 227/2025 art. 1.3.5.4.1
1007,4003,Ingresos por intereses y rendimientos financieros,SI,Res. 227/2025 art. 1.3.5.4.1
1007,4004,Intereses por créditos hipotecarios,SI,Res. 227/2025 art. 1.3.5.4.1
1007,4005,Ingresos a través de consorcios o uniones temporales,SI,Res. 227/2025 art. 1.3.5.4.1
1007,4006,Ingresos a través de mandato o administración delegada,SI,Res. 227/2025 art. 1.3.5.4.1
1007,4007,Ingresos a través de exploración y explotación de hidrocarburos,SI,Res. 227/2025 art. 1.3.5.4.1
1007,4008,Ingresos a través de fiducia,SI,Res. 227/2025 art. 1.3.5.4.1
1007,4009,Ingresos a través de terceros (beneficiario),SI,Res. 227/2025 art. 1.3.5.4.1
1007,4011,Ingresos a través de joint venture,SI,Res. 227/2025 art. 1.3.5.4.1
1007,4012,Ingresos a través de cuentas en participación,SI,Res. 227/2025 art. 1.3.5.4.1
1007,4013,Ingresos a través de convenios con entidades públicas,SI,Res. 227/2025 art. 1.3.5.4.1
1007,4017,Recuperaciones de costos y deducciones (arts. 195 a 198 E.T.),SI,Res. 227/2025 art. 1.3.5.4.1
1007,4018,Ingresos por diferencia en cambio (NIT del informante),SI,Res. 227/2025 art. 1.3.5.4.1
1007,4019,Ingresos brutos constitutivos de ganancia ocasional,SI,Res. 227/2025 art. 1.3.5.4.1
1007,4020,Venta de acciones que no cotizan en bolsa: renta,SI,Res. 227/2025 art. 1.3.5.4.1
1007,4021,Venta de acciones que no cotizan en bolsa: ganancia ocasional,SI,Res. 227/2025 art. 1.3.5.4.1
1008,1315,Cuentas por cobrar a clientes,SI,Res. 227/2025 art. 1.3.5.7.1
1008,1316,"Cuentas por cobrar a accionistas, socios, cooperados y vinculadas",SI,Res. 227/2025 art. 1.3.5.7.1
1008,1317,Otras cuentas por cobrar,SI,Res. 227/2025 art. 1.3.5.7.1
1008,1318,Saldo fiscal del deterioro de cartera (NIT del deudor),SI,Res. 227/2025 art. 1.3.5.7.1
1009,2201,Pasivos con proveedores,SI,Res. 227/2025 art. 1.3.5.6.1
1009,2202,"Pasivos con compañías vinculadas, accionistas y socios",SI,Res. 227/2025 art. 1.3.5.6.1
1009,2203,Obligaciones financieras,SI,Res. 227/2025 art. 1.3.5.6.1
1009,2204,"Pasivos por impuestos, gravámenes y tasas",SI,Res. 227/2025 art. 1.3.5.6.1
1009,2214,"Aportes parafiscales, salud, pensión y cesantías (a la entidad)",SI,Res. 227/2025 art. 1.3.5.6.1
1009,2215,"Pasivos laborales consolidados en cabeza del trabajador, sin cesantías",SI,Res. 227/2025 art. 1.3.5.6.1
1009,2207,Pasivo por cálculo actuarial (NIT del informante),SI,Res. 227/2025 art. 1.3.5.6.1
1009,2208,Pasivos respaldados en documento de fecha cierta,SI,Res. 227/2025 art. 1.3.5.6.1
1009,2211,Pasivos por depósitos judiciales,SI,Res. 227/2025 art. 1.3.5.6.1
1009,2212,Ingresos diferidos por puntos premio,SI,Res. 227/2025 art. 1.3.5.6.1
1009,2213,Ingresos diferidos del art. 23-1 E.T.,SI,Res. 227/2025 art. 1.3.5.6.1
1009,2206,Demás pasivos,SI,Res. 227/2025 art. 1.3.5.6.1
1012,1110,Saldo de cuentas corrientes y de ahorro nacionales,SI,Res. 227/2025 arts. 1.3.5.10.1 y 1.3.5.10.2 (mod. Res. 233/2025)
1012,1115,Saldo de cuentas corrientes y de ahorro en el exterior,SI,Res. 227/2025 arts. 1.3.5.10.1 y 1.3.5.10.2 (mod. Res. 233/2025)
1012,1200,Valor patrimonial de bonos,SI,Res. 227/2025 arts. 1.3.5.10.1 y 1.3.5.10.2 (mod. Res. 233/2025)
1012,1201,Valor patrimonial de certificados de depósito (CDT),SI,Res. 227/2025 arts. 1.3.5.10.1 y 1.3.5.10.2 (mod. Res. 233/2025)
1012,1202,Valor patrimonial de títulos,SI,Res. 227/2025 arts. 1.3.5.10.1 y 1.3.5.10.2 (mod. Res. 233/2025)
1012,1203,Valor patrimonial de derechos fiduciarios,SI,Res. 227/2025 arts. 1.3.5.10.1 y 1.3.5.10.2 (mod. Res. 233/2025)
1012,1204,Valor patrimonial de las demás inversiones,SI,Res. 227/2025 arts. 1.3.5.10.1 y 1.3.5.10.2 (mod. Res. 233/2025)
1012,1205,Valor patrimonial de criptoactivos,SI,Res. 227/2025 arts. 1.3.5.10.1 y 1.3.5.10.2 (mod. Res. 233/2025)
1011,1105,Saldo en caja a 31 de diciembre,SI,Res. 227/2025 art. 1.3.5.10.4 (mod. Res. 233/2025)
1011,1502,"Vehículos, maquinaria y equipo (valor patrimonial)",SI,Res. 227/2025 art. 1.3.5.10.4 (mod. Res. 233/2025)
1011,1512,Activos fijos intangibles,SI,Res. 227/2025 art. 1.3.5.10.4 (mod. Res. 233/2025)
1011,1513,Activos fijos agotables,SI,Res. 227/2025 art. 1.3.5.10.4 (mod. Res. 233/2025)
1011,1519,Activos biológicos plantas,SI,Res. 227/2025 art. 1.3.5.10.4 (mod. Res. 233/2025)
1011,1520,Activos biológicos animales,SI,Res. 227/2025 art. 1.3.5.10.4 (mod. Res. 233/2025)
1011,1521,Casa o apartamento de habitación,SI,Res. 227/2025 art. 1.3.5.10.4 (mod. Res. 233/2025)
1011,1522,Lotes rurales y fincas,SI,Res. 227/2025 art. 1.3.5.10.4 (mod. Res. 233/2025)
1011,1523,Lotes urbanos,SI,Res. 227/2025 art. 1.3.5.10.4 (mod. Res. 233/2025)
1011,1524,Otros bienes inmuebles,SI,Res. 227/2025 art. 1.3.5.10.4 (mod. Res. 233/2025)
1011,1525,Otros bienes muebles,SI,Res. 227/2025 art. 1.3.5.10.4 (mod. Res. 233/2025)
1011,1526,Otros activos no relacionados,SI,Res. 227/2025 art. 1.3.5.10.4 (mod. Res. 233/2025)
1011,1527,Valor patrimonial del inventario,SI,Res. 227/2025 art. 1.3.5.10.4 (mod. Res. 233/2025)
1011,1528,Activos poseídos a través de contratos de colaboración,SI,Res. 227/2025 art. 1.3.5.10.4 (mod. Res. 233/2025)
